{
  "properties": {
    "connectionReferences": {
      "shared_approvals": {
        "runtimeSource": "invoker",
        "connection": {
          "connectionReferenceLogicalName": "ooc_sharedapprovals_20d0f"
        },
        "api": {
          "name": "shared_approvals"
        }
      },
      "shared_commondataserviceforapps": {
        "runtimeSource": "embedded",
        "connection": {
          "connectionReferenceLogicalName": "ooc_sharedcommondataserviceforapps_53327"
        },
        "api": {
          "name": "shared_commondataserviceforapps"
        }
      }
    },
    "definition": {
      "$schema": "https://schema.management.azure.com/providers/Microsoft.Logic/schemas/2016-06-01/workflowdefinition.json#",
      "contentVersion": "1.0.0.0",
      "parameters": {
        "$connections": {
          "defaultValue": {},
          "type": "Object"
        },
        "$authentication": {
          "defaultValue": {},
          "type": "SecureObject"
        }
      },
      "triggers": {
        "manual": {
          "metadata": {
            "operationMetadataId": "ba884e82-1be4-4923-adf9-903a7e9cc605"
          },
          "type": "Request",
          "kind": "PowerApp",
          "inputs": {
            "schema": {
              "type": "object",
              "properties": {
                "Updatearow_RowID": {
                  "type": "string",
                  "description": "Enter the row's globally unique identifier (GUID)",
                  "x-ms-powerflows-param-ispartial": false
                },
                "Updatearow_Requested": {
                  "type": "integer",
                  "format": "int32",
                  "description": "Licenses requested",
                  "x-ms-powerflows-param-ispartial": false
                },
                "GetarowbyID_RowID": {
                  "type": "string",
                  "description": "Enter the row's globally unique identifier (GUID)",
                  "x-ms-powerflows-param-ispartial": false
                }
              },
              "required": [
                "Updatearow_RowID",
                "Updatearow_Requested",
                "GetarowbyID_RowID"
              ]
            }
          }
        }
      },
      "actions": {
        "Start_and_wait_for_an_approval": {
          "runAfter": {
            "Initialize_variable_for_Requested_Amount": [
              "Succeeded"
            ]
          },
          "metadata": {
            "operationMetadataId": "ec21a9a7-59cf-4257-b236-bc57f07dcfc8"
          },
          "type": "OpenApiConnectionWebhook",
          "inputs": {
            "host": {
              "connectionName": "shared_approvals",
              "operationId": "StartAndWaitForAnApproval",
              "apiId": "/providers/Microsoft.PowerApps/apis/shared_approvals"
            },
            "parameters": {
              "approvalType": "BasicAwaitAll",
              "WebhookApprovalCreationInput/title": "Request to reallocate licenses for @{outputs('Get_a_row_by_ID_2')?['body/ooc_divisionname']}",
              "WebhookApprovalCreationInput/assignedTo": "aaronn@GOV000562.onmicrosoft.com;",
              "WebhookApprovalCreationInput/details": "@outputs('Get_a_row_by_ID')?['body/ooc_justification']",
              "WebhookApprovalCreationInput/enableNotifications": true,
              "WebhookApprovalCreationInput/enableReassignment": true
            },
            "authentication": {
              "type": "Raw",
              "value": "@json(decodeBase64(triggerOutputs().headers['X-MS-APIM-Tokens']))['$ConnectionKey']"
            }
          }
        },
        "Get_a_row_by_ID": {
          "runAfter": {},
          "metadata": {
            "operationMetadataId": "72908d19-0158-4cb1-87dd-9be6f1995895"
          },
          "type": "OpenApiConnection",
          "inputs": {
            "host": {
              "connectionName": "shared_commondataserviceforapps",
              "operationId": "GetItem",
              "apiId": "/providers/Microsoft.PowerApps/apis/shared_commondataserviceforapps"
            },
            "parameters": {
              "entityName": "ooc_allocatedlicenseses",
              "recordId": "@triggerBody()['GetarowbyID_RowID']"
            },
            "authentication": {
              "type": "Raw",
              "value": "@json(decodeBase64(triggerOutputs().headers['X-MS-APIM-Tokens']))['$ConnectionKey']"
            }
          }
        },
        "Get_a_row_by_ID_2": {
          "runAfter": {
            "Get_a_row_by_ID": [
              "Succeeded"
            ]
          },
          "metadata": {
            "operationMetadataId": "e39d27c8-e52a-42c0-baea-2e0803dbe2fe"
          },
          "type": "OpenApiConnection",
          "inputs": {
            "host": {
              "connectionName": "shared_commondataserviceforapps",
              "operationId": "GetItem",
              "apiId": "/providers/Microsoft.PowerApps/apis/shared_commondataserviceforapps"
            },
            "parameters": {
              "entityName": "ooc_divisions",
              "recordId": "@outputs('Get_a_row_by_ID')?['body/_ooc_divisionid_value']"
            },
            "authentication": {
              "type": "Raw",
              "value": "@json(decodeBase64(triggerOutputs().headers['X-MS-APIM-Tokens']))['$ConnectionKey']"
            }
          }
        },
        "Condition": {
          "actions": {
            "Update_a_row": {
              "runAfter": {},
              "metadata": {
                "operationMetadataId": "8d55d9bf-c7ce-440d-bcea-590eef9904aa"
              },
              "type": "OpenApiConnection",
              "inputs": {
                "host": {
                  "connectionName": "shared_commondataserviceforapps",
                  "operationId": "UpdateRecord",
                  "apiId": "/providers/Microsoft.PowerApps/apis/shared_commondataserviceforapps"
                },
                "parameters": {
                  "entityName": "ooc_allocatedlicenseses",
                  "recordId": "@triggerBody()['Updatearow_RowID']",
                  "item/ooc_allotted": "@add(outputs('Get_a_row_by_ID')?['body/ooc_allotted'],variables('Requested Amount'))",
                  "item/ooc_justification": "@null",
                  "item/ooc_requested": 0,
                  "item/statuscode": 884350002
                },
                "authentication": {
                  "type": "Raw",
                  "value": "@json(decodeBase64(triggerOutputs().headers['X-MS-APIM-Tokens']))['$ConnectionKey']"
                }
              }
            }
          },
          "runAfter": {
            "Start_and_wait_for_an_approval": [
              "Succeeded"
            ]
          },
          "else": {
            "actions": {
              "Update_a_row_2": {
                "runAfter": {},
                "metadata": {
                  "operationMetadataId": "20f90a4c-1236-4ed9-a6a2-c4e2744e3993"
                },
                "type": "OpenApiConnection",
                "inputs": {
                  "host": {
                    "connectionName": "shared_commondataserviceforapps",
                    "operationId": "UpdateRecord",
                    "apiId": "/providers/Microsoft.PowerApps/apis/shared_commondataserviceforapps"
                  },
                  "parameters": {
                    "entityName": "ooc_allocatedlicenseses",
                    "recordId": "@triggerBody()['Updatearow_RowID']",
                    "item/statuscode": 884350003
                  },
                  "authentication": {
                    "type": "Raw",
                    "value": "@json(decodeBase64(triggerOutputs().headers['X-MS-APIM-Tokens']))['$ConnectionKey']"
                  }
                }
              }
            }
          },
          "expression": {
            "equals": [
              "@outputs('Start_and_wait_for_an_approval')?['body/outcome']",
              "Approve"
            ]
          },
          "metadata": {
            "operationMetadataId": "da09b66a-365c-4ed2-a2b0-4d830a95d6a3"
          },
          "type": "If"
        },
        "Initialize_variable_for_Requested_Amount": {
          "runAfter": {
            "Get_a_row_by_ID_2": [
              "Succeeded"
            ]
          },
          "metadata": {
            "operationMetadataId": "318ae1ca-b236-4173-b42d-ca1e46c498c4"
          },
          "type": "InitializeVariable",
          "inputs": {
            "variables": [
              {
                "name": "Requested Amount",
                "type": "integer",
                "value": "@outputs('Get_a_row_by_ID')?['body/ooc_requested']"
              }
            ]
          }
        }
      }
    },
    "templateName": ""
  },
  "schemaVersion": "1.0.0.0"
}